time,latitude,longitude,depth,magnitude,magnitude_type,source_agency,event_id
1451440514000,34.188,-117.41,7.3,3.02,ml,USGS,ci37507608
1451440425550,34.1876667,-117.408,8.49,3.77,mw,USGS,ci37507592
1451440137310,34.191,-117.4131667,6.98,4.4,mw,USGS,ci37507576
1451418715210,36.1461667,-117.9816667,0.82,3,ml,USGS,ci37507424
1451397822273,41.8772,-119.6096,10,3.3,mw,USGS,nn00524465
1451395980401,41.8763,-119.6054,7.2,3.3,mw,USGS,nn00524463
1451395413913,41.8743,-119.6072,8.9,3.5,ml,USGS,nn00524459
1451370676895,41.872,-119.6075,9.7,3.4,mw,USGS,nn00524430
1451315430588,41.4562,-118.905,17.7,4.1,ml,USGS,nn00524306
1451315019289,41.4572,-118.9286,17,3.4,mw,USGS,nn00524304
1451241078030,35.2143333,-117.2815,3.17,4.25,mw,USGS,ci37506472
1451163744924,41.891,-119.6116,11.2,3.3,ml,USGS,nn00524118
1451130916430,35.2115,-117.28,2.61,3.78,mw,USGS,ci37506120
1451117071150,35.2121667,-117.2808333,3.14,3.74,mw,USGS,ci37506064
1451053150743,41.8816,-119.6241,10.8,3,ml,USGS,nn00523992
1451020665898,41.9017,-119.6105,7.2,3,ml,USGS,nn00523957
1451011009840,41.8723,-119.602,10.6,3.6,mw,USGS,nn00523923
1450995802448,41.8735,-119.6049,10.9,3.4,ml,USGS,nn00523870
1450994418879,41.8854,-119.6021,10.1,3.2,ml,USGS,nn00523863
1450989038087,41.8807,-119.5937,11.3,4.4,ml,USGS,nn00523848
1450984486450,37.411,-118.5123333,6.97,3.72,ml,USGS,nc72571551
1450854336281,39.4362,-119.7835,9.6,3.1,ml,USGS,nn00523693
1450853167342,39.4309,-119.7845,9.7,4.4,ml,USGS,nn00523696
1450853149315,39.4308,-119.7844,9.7,3,ml,USGS,nn00526746
1450852590079,39.4282,-119.7812,9.4,3,ml,USGS,nn00523682
1450851756147,39.4312,-119.7867,9.2,3.2,ml,USGS,nn00523675
1450687655122,41.8745,-119.596,9.6,3.5,mw,USGS,nn00523449
1450653752470,33.6255,-117.9023333,9.47,3.36,ml,USGS,ci37286999
1450579666080,32.0826667,-115.1661667,22.86,3.19,ml,USGS,ci37286815
1450550041356,37.2388,-115.0503,0,3,ml,USGS,nn00523315
1450547114210,37.3355,-118.7413333,15.55,3.28,ml,USGS,nc72569711
1450546609290,32.0941667,-115.1536667,26.97,3.61,ml,USGS,ci37286727
1450489547170,33.8371667,-117.0478333,13.88,3.05,ml,USGS,ci37286351
1450398060930,33.2561667,-115.7183333,3.33,3.6,mw,USGS,ci37285815
1450332644731,40.3519,-116.0689,5.2,3.4,ml,USGS,nn00523098
1450332030063,40.3692,-116.1027,0,3.2,ml,USGS,nn00523095
1450216226510,32.3931667,-115.2293333,11.78,3.33,ml,USGS,ci37502072
1450187359580,36.239,-120.8063333,6.49,3.01,ml,USGS,nc72568081
1449807694930,32.3078333,-115.4005,15.19,3.05,ml,USGS,ci37500960
1449798023469,37.1992,-115.8839,8.4,3.1,ml,USGS,nn00522233
1449735453340,34.3206667,-116.8531667,3.51,3.01,ml,USGS,ci37500544
1449497169640,34.0721667,-116.671,10.46,3.32,ml,USGS,ci37499408
1449400407887,41.8575,-119.6317,10.5,4.1,ml,USGS,nn00521538
1449359974163,41.8503,-119.6284,10.5,3.2,ml,USGS,nn00521515
1449140539060,39.5161667,-123.6185,6.05,3.04,ml,USGS,nc72563726
1449108696883,38.6147,-119.4009,10.1,3.3,ml,USGS,nn00521169
1449098856030,33.0265,-116.4338333,6.89,3.29,ml,USGS,ci37280407
1448587288040,33.792,-116.1033333,6.62,3.01,ml,USGS,ci37278167
1448136008577,41.8532,-119.6378,11.7,3.1,ml,USGS,nn00519826
1447987563537,41.8564,-119.6304,11.4,3,ml,USGS,nn00519580
1447926963864,41.8651,-119.6165,10.6,3.4,ml,USGS,nn00519443
1447912258939,41.8702,-119.6115,10.7,3,ml,USGS,nn00519431
1447910841540,41.8739,-119.6195,10.8,3.4,ml,USGS,nn00519423
1447897817403,41.8731,-119.6231,12.1,4,ml,USGS,nn00519381
1447897202547,41.8696,-119.619,12.9,4.2,ml,USGS,nn00519379
1447840034590,41.3381667,-124.5213333,17,3.14,ml,USGS,nc72557081
1447821708740,34.175,-117.435,10.6,3.39,mw,USGS,ci37274199
1447400167300,36.776,-121.2906667,8.62,3.51,ml,USGS,nc72554936
1446758296320,36.5468333,-121.0326667,7.55,3.04,ml,USGS,nc72548865
1446733635985,38.9495,-118.1443,10.4,3.1,mw,USGS,nn00517795
1446721134500,34.3421667,-118.4661667,3.29,3.48,ml,USGS,ci37485624
1446677857670,32.1178333,-115.058,21.12,3.4,ml,USGS,ci37485376
1446677694470,37.7781667,-121.9638333,9.24,3.1,mw,USGS,nc72548525
1446559045715,41.8518,-119.6279,12.7,3.3,mw,USGS,nn00517535
1446555666872,41.8587,-119.6328,12.5,3.5,mw,USGS,nn00517531
1446506563325,37.9273,-118.1683,9.4,3.5,ml,USGS,nn00517435
1446271847380,39.6036667,-121.935,21.05,3.53,mw,USGS,nc72546355
1446162209799,41.8376,-119.6454,11,3,ml,USGS,nn00517059
1446137260216,41.9025,-119.6002,8.3,3.9,ml,USGS,nn00516895
1446133532070,35.8323333,-120.6058333,10.61,3.2,ml,USGS,nc72545730
1446083213380,40.803,-123.9718333,24.85,3.07,ml,USGS,nc72545480
1446077146150,32.9546667,-115.7371667,11.2,3.08,ml,USGS,ci37265103
1446042143527,39.0892,-119.6352,10.5,3,ml,USGS,nn00516642
1445990853410,37.7775,-121.9635,8.98,3.13,ml,USGS,nc72545010
1445970012620,32.4083333,-115.464,15.17,3.17,ml,USGS,ci37264615
1445771101410,34.0611667,-118.7633333,9.5,3.39,ml,USGS,ci37263871
1445672647040,37.7831667,-121.9691667,9.6,3.02,ml,USGS,nc72542920
1445672626260,37.781,-121.9668333,9.24,3.21,mw,USGS,nc72542915
1445608104590,37.7825,-121.9655,8.7,3.23,mw,USGS,nc72542520
1445296877680,37.7918333,-121.9635,7.4,3.6,mw,USGS,nc72540765
1445207488150,37.7898333,-121.9643333,8.62,3.26,mw,USGS,nc72540130
1445174194210,38.8076667,-122.8156667,1.3,3.3,ml,USGS,nc72539720
1445049119940,34.1191667,-116.9125,7.23,3.31,mw,USGS,ci37476904
1444973391210,33.2711667,-116.7896667,8.53,3.19,mw,USGS,ci37476536
1444914620920,37.7861667,-121.9643333,8.52,3.36,mw,USGS,nc72537675
1444830929960,34.197,-116.9068333,10.11,3.47,mw,USGS,ci37475560
1444820321190,37.7853333,-121.9636667,7.96,3.08,mw,USGS,nc72536565
1444469922891,41.8508,-119.6334,10.6,3,ml,USGS,nn00514218
1444224531470,32.3435,-115.255,15.43,3.37,ml,USGS,ci37254543
1443969034057,41.8655,-119.6136,9.2,3,ml,USGS,nn00513404
1443965299765,41.8654,-119.599,9.8,3.3,ml,USGS,nn00513400
1443849677291,38.6575,-118.8051,5.9,3,ml,USGS,nn00513295
1443729888520,41.8687,-119.5953,7.2,3,ml,USGS,nn00513098
1443485010399,41.8542,-119.6368,11.9,4.2,ml,USGS,nn00512709
1443476200160,39.4435,-122.9865,7.991,3.91,mw,USGS,nc72532161
1443416137864,41.8564,-119.6267,10.2,3,ml,USGS,nn00512559
1443348603764,39.645,-119.1478,7.2,3,ml,USGS,nn00512464
1443321840617,41.8709,-119.6123,10.2,4.2,ml,USGS,nn00512427
1443295660115,41.8636,-119.6007,8.5,3.1,ml,USGS,nn00512362
1443294509320,41.8542,-119.6043,9,3.3,ml,USGS,nn00512358
1443136661429,38.6512,-118.7989,6.3,3,ml,USGS,nn00512113
1443102698370,40.4266667,-123.3941667,8.13,3,ml,USGS,nc72529026
1442961259896,41.8623,-119.6359,11.6,3.1,ml,USGS,nn00511780
1442768121558,41.8648,-119.6279,10.9,3.4,ml,USGS,nn00511445
1442607108663,38.4719,-118.3649,5.9,3.6,ml,USGS,nn00511265
1442522847701,41.858,-119.6452,11.8,3.1,ml,USGS,nn00511125
1442419847340,34.1371667,-116.858,9.55,4,mw,USGS,ci37243591
1442374077820,32.9313333,-115.5413333,11.96,3.28,ml,USGS,ci37243311
1442321166150,38.809,-122.8128333,2.438,3,ml,USGS,nc72525476
1442239925845,41.8468,-119.6435,8.3,3,ml,USGS,nn00510527
1442238948087,41.8594,-119.6271,9.7,4.7,ml,USGS,nn00510518
1442217765260,37.5975,-118.7878333,4.776,3.22,ml,USGS,nc72525076
1442065292640,39.8076667,-122.7425,2.862,3.07,ml,USGS,nc72524286
1441884007445,38.6502,-118.7997,6.4,3.1,ml,USGS,nn00509943
1441700022940,41.9868333,-120.1623333,7.097,3.52,ml,USGS,nc72522031
1441678900414,38.6521,-118.8004,7.3,3.4,ml,USGS,nn00509598
1441678891118,38.6514,-118.8018,6.5,3.5,ml,USGS,nn00509591
1441678519980,38.6488,-118.8064,6.2,4.4,ml,USGS,nn00509589
1441517437721,41.8473,-119.6354,8.2,3,ml,USGS,nn00509421
1441352139156,41.8463,-119.6317,8.7,3.3,ml,USGS,nn00509233
1441272992240,41.8532,-119.6307,8.4,3.2,ml,USGS,nn00509117
1441061547486,41.8624,-119.6267,10.3,3.3,ml,USGS,nn00508828
1441056377795,41.8712,-119.6053,10.2,3.1,ml,USGS,nn00508822
1441015183592,41.8615,-119.6253,11.2,3.3,ml,USGS,nn00508719
1440836027100,39.4791667,-123.5883333,5.386,3.04,ml,USGS,nc71096509
1440835994110,39.481,-123.5968333,5.046,3.56,mw,USGS,nc72515311
1440351678670,38.7843333,-122.7436667,3.51,3.83,mw,USGS,nc72511186
1440250488830,37.5975,-118.7878333,4.76,3.71,mw,USGS,nc72510456
1439858679784,41.8493,-119.6263,11.1,3.3,ml,USGS,nn00506851
1439819357320,37.8366667,-122.2321667,4.69,4.01,mw,USGS,nc72507396
1439797149710,32.1896667,-117.7175,9.82,3.75,ml,USGS,ci37228879
1439610214114,41.9156,-119.6214,9.2,3.3,ml,USGS,nn00506570
1439533937728,41.8841,-119.6241,9.5,3.5,ml,USGS,nn00506470
1439526927647,41.8713,-119.6179,10.5,3.4,ml,USGS,nn00506455
1439465467857,41.8856,-119.622,10.3,4.2,ml,USGS,nn00506331
1439430852909,41.8792,-119.6151,9.1,3.2,ml,USGS,nn00506315
1439416957266,40.1305,-119.1781,6.6,3.5,ml,USGS,nn00506293
1439314752594,41.8878,-119.6452,9.7,3,ml,USGS,nn00506010
1439151970620,37.7861667,-122.5913333,10.36,3.12,ml,USGS,nc72503636
1439101467740,41.8781,-119.6469,10.7,3.1,ml,USGS,nn00505653
1438659659590,34.4565,-116.461,2.79,3.21,ml,USGS,ci37219951
1438533041860,36.5578333,-120.6085,6.406,3.01,ml,USGS,nc72499526
1438520467639,41.8891,-119.6378,10.7,3.1,ml,USGS,nn00504785
1438454876993,41.9078,-119.639,9.6,3,ml,USGS,nn00504702
1438454538577,41.9052,-119.6351,8.9,3.8,ml,USGS,nn00504704
1438431603068,41.8295,-119.6049,5.5,3.1,ml,USGS,nn00504677
1438211252780,37.3136667,-121.6735,10.13,3.22,ml,USGS,nc72496776
1438188777726,41.9229,-119.6266,9.8,3,ml,USGS,nn00504174
1438021465220,38.9111667,-123.6168333,5.88,3.45,ml,USGS,nc72495466
1437988540676,41.8995,-119.6273,8.8,3,ml,USGS,nn00503823
1437980430094,41.8799,-119.618,8.4,3.6,ml,USGS,nn00503797
1437966490767,41.8883,-119.621,8.8,3.1,ml,USGS,nn00503781
1437959133610,41.8875,-119.6226,10.7,4.5,ml,USGS,nn00503760
1437828846990,34.092,-117.445,5.079,3.81,mw,USGS,ci37213455
1437602827567,41.8878,-119.6288,7.8,4,ml,USGS,nn00503084
1437580314595,36.6192,-116.2475,7.4,3,ml,USGS,nn00503008
1437542630168,41.8862,-119.6335,10.5,3.3,ml,USGS,nn00502945
1437533753100,38.8175,-122.76,1.703,3.05,ml,USGS,nc72491441
1437471674480,37.5776667,-121.974,8.37,3.98,mw,USGS,nc72490826
1437454804374,41.8627,-119.6424,9.2,3.4,ml,USGS,nn00502784
1437303298737,41.8508,-119.6404,8.7,3.4,ml,USGS,nn00502564
1437269766880,39.4526667,-120.28,7.791,3.19,mw,USGS,nc72488831
1437250284720,34.579,-120.8703333,-0.34,3.1,ml,USGS,ci37209439
1437137573424,41.8665,-119.652,9.2,3.3,ml,USGS,nn00502186
1437066872288,41.8954,-119.63,7.6,3.7,ml,USGS,nn00502003
1437039934128,41.8714,-119.6366,2.1,3.7,ml,USGS,nn00501978
1437025890423,41.8534,-119.6478,8.3,3.8,ml,USGS,nn00501971
1437015044656,41.8872,-119.6167,7.9,3,ml,USGS,nn00501946
1437011846295,41.9006,-119.6373,8.5,4,ml,USGS,nn00501947
1437011828238,41.8557,-119.6545,9.4,3.2,ml,USGS,nn00502072
1437011531994,41.8986,-119.6367,10.1,4.6,ml,USGS,nn00501944
1437011449182,41.8712,-119.6284,8.8,3.4,ml,USGS,nn00501936
1437011417512,41.88,-119.644,10,3.4,ml,USGS,nn00501929
1437011150799,41.8782,-119.6265,9.5,3.2,ml,USGS,nn00501962
1436831555220,37.5333333,-118.6685,8.905,3.01,ml,USGS,nc72485081
1436498989160,38.8081667,-122.7903333,3.026,3.83,mw,USGS,nc72483061
1436294787850,34.0953333,-120.6366667,18.56,3.63,ml,USGS,ci37200503
1435865919760,32.981,-115.5813333,11.76,3.57,ml,USGS,ci37196663
1435700864320,32.354,-115.208,26.01,3.24,ml,USGS,ci37194935
1435558122550,36.733,-117.2486667,1.9,3.26,ml,USGS,ci37193303
1435109658064,40.6207,-117.3259,2.1,3.1,ml,USGS,nn00499724
1434489765580,38.3905,-119.3853333,1.928,3.17,ml,USGS,nc72467186
1434464009120,37.4788333,-118.8225,4.235,3.15,ml,USGS,nc72467021
1434306892280,35.7216667,-117.599,8.887,3.63,ml,USGS,ci37400032
1434117906114,37.2668,-114.645,5.2,3.4,ml,USGS,nn00498350
1433987427638,37.6918,-117.6481,5.4,3.4,ml,USGS,nn00498164
1433887121530,33.778,-115.7006667,9.949,3.83,ml,USGS,ci37396400
1433686778160,36.6661667,-121.2913333,5.415,3.15,ml,USGS,nc72462401
1433652863880,33.9168333,-118.297,11.366,3.2,ml,USGS,ci37394832
1433484676740,35.8626667,-117.6903333,3.398,3.31,ml,USGS,ci37393840
1433430769190,35.4823333,-118.4238333,3.958,3.52,ml,USGS,ci37393496
1433251229160,35.862,-117.6855,2.782,3.46,ml,USGS,ci37392440
1433208671550,35.8595,-117.6888333,3.067,3.51,ml,USGS,ci37392152
1433077376460,33.3135,-116.2816667,12.769,3.59,mw,USGS,ci37390968
1432963436720,33.8766667,-116.1425,7.04,3.7,ml,USGS,ci37390168
1432815221750,32.2473333,-115.2816667,10.79,3.45,ml,USGS,ci37388864
1432814640300,32.2323333,-115.2821667,11.81,3.25,ml,USGS,ci37388832
1432712858350,33.9641667,-119.906,16.86,3,ml,USGS,ci37388136
1432693903610,37.3144,-114.6438,7.1,3.1,ml,USGS,nn00496267
1432692261186,37.3604,-114.5958,8.5,3.2,ml,USGS,nn00496265
1432684986201,37.3307,-114.5908,8.9,3.3,ml,USGS,nn00496244
1432635455820,40.6508333,-124.712,19.72,4.34,mw,USGS,nc72455721
1432487162050,38.9762,-116.0637,0,3.6,ml,USGS,nn00495847
1432400811390,33.989,-118.3536667,10.48,3.09,ml,USGS,ci37385936
1432358067890,37.45,-114.1831667,11.06,3.41,ml,USGS,uu60111707
1432323682383,37.309,-114.6519,5.9,3.5,ml,USGS,nn00495496
1432322369763,37.3371,-114.642,7.5,3,ml,USGS,nn00495487
1432321523910,37.3138,-114.639,9.6,3.8,ml,USGS,nn00495573
1432320462980,37.2925,-114.6546,4,5.3,ml,USGS,nn00495477
1432284069520,35.6871667,-121.1163333,4.295,3.16,ml,USGS,nc72453391
1432277767350,32.3763333,-115.238,23.15,3.38,ml,USGS,ci37385088
1432271158620,32.362,-115.2423333,25.65,3.26,ml,USGS,ci37385072
1432263180780,38.4316667,-122.2503333,12.83,4.09,mw,USGS,nc72453246
1432184772800,33.163,-115.6468333,3.39,3.33,ml,USGS,ci37166303
1432180261850,33.1596667,-115.6483333,3.16,3.28,ml,USGS,ci37166175
1432178129690,33.1621667,-115.6425,5.74,4.1,mw,USGS,ci37166079
1432060561620,36.6628333,-120.8701667,-0.12,3.82,mw,USGS,nc72451856
1431859643184,41.8266,-119.673,6.8,3.2,ml,USGS,nn00494669
1431744394190,37.4736667,-118.79,3.995,3.34,ml,USGS,nc72450006
1431647876860,37.4761667,-118.7881667,3.993,3.05,ml,USGS,nc72449371
1431272578860,35.0286667,-119.0738333,1.27,3.82,ml,USGS,ci37377816
1430937046540,40.6105,-122.4275,22.181,3.23,ml,USGS,nc72444316
1430928661480,33.812,-117.6351667,5.98,3.07,ml,USGS,ci37375864
1430922724070,37.9661667,-122.0433333,12.12,3.51,mw,USGS,nc72444186
1430920907420,37.958,-122.0505,13.91,3.03,ml,USGS,nc72444161
1430897986970,33.8128333,-116.9795,14.86,3.72,ml,USGS,ci37375632
1430834636765,39.083,-115.6669,0,3.4,ml,USGS,nn00492859
1430756370989,39.0784,-115.7039,0,3.2,ml,USGS,nn00492670
1430740602373,39.0869,-115.6756,0,3.7,ml,USGS,nn00492632
1430691199500,37.9665,-122.0436667,13.14,3.64,mw,USGS,nc72439615
1430664975280,38.4438,-118.7299,4.8,3.5,ml,USGS,nn00492533
1430651238080,33.9936667,-118.3613333,11.11,3.8,ml,USGS,ci37374008
1430402476000,33.8515,-118.2501667,12.73,3.41,ml,USGS,ci37372672
1430300216740,37.0578333,-118.269,5.137,3.49,ml,USGS,nc72437265
1430234348870,39.5011667,-122.9486667,11.239,3.1,ml,USGS,nc72436930
1430182383380,39.2703333,-122.7556667,11.836,3.23,ml,USGS,nc72436530
1430124486800,35.7033333,-121.0548333,9.356,3.05,ml,USGS,nc72436205
1429977917880,38.7861667,-122.72,1.764,3.28,ml,USGS,nc72435065
1429709724263,41.1802,-116.2214,1.1,3,ml,USGS,nn00490973
1429478907710,35.5746667,-120.8583333,4.764,3.19,ml,USGS,nc72431135
1429418145650,34.0161667,-116.4375,0.006,3.15,ml,USGS,ci37147927
1429156798490,34.3348333,-118.4566667,8.249,3.08,ml,USGS,ci37364384
1428898661040,33.9981667,-118.3601667,11.901,3.32,ml,USGS,ci37362808
1428521428070,32.4111667,-115.2448333,5.951,4.03,ml,USGS,ci37359312
1428520995390,32.376,-115.2085,7.281,4.27,mw,USGS,ci37359304
1428469603720,39.3606667,-120.0208333,-0.681,3.41,mw,USGS,nc72428161
1428366416090,39.8297,-115.4867,6.7,3,ml,USGS,nn00490088
1428159285540,34.3253333,-118.5538333,5.932,3.13,ml,USGS,ci37356432
1428000615200,32.4093333,-115.211,8.361,3.49,ml,USGS,ci37354952
1427968101403,41.8729,-119.6432,9.6,3,ml,USGS,nn00489054
1427958363870,37.792,-121.9868333,9.89,3.61,mw,USGS,nc72424876
1427707316690,34.7911667,-116.2611667,2.912,4.04,ml,USGS,ci37352384
1427470617470,33.9298333,-116.032,1.214,3.67,ml,USGS,ci37350736
1427463014330,36.2271667,-120.3528333,10.44,4.11,mw,USGS,nc72418390
1427441552210,36.2273333,-120.3546667,10.373,3.35,ml,USGS,nc72418215
1427393376390,33.2435,-117.8676667,13.568,3.05,ml,USGS,ci37349552
1427172379410,35.2673333,-118.58,9.957,3.56,ml,USGS,ci37347128
1426570607730,40.1705,-121.0621667,5.102,3.79,mw,USGS,nc72412550
1426333939750,34.5771667,-116.268,1.059,3.2,ml,USGS,ci37338184
1426007243640,37.7466667,-122.1441667,4.677,3.04,mw,USGS,nc72408845
1425971194830,40.3293333,-124.6571667,13.631,3.79,mw,USGS,nc72408590
1425948009320,38.8161667,-122.81,3.119,3.43,mw,USGS,nc72408335
1425820954799,41.8556,-119.6505,6.9,3,ml,USGS,nn00486252
1425414927633,41.8501,-119.6421,7.4,3.4,ml,USGS,nn00485580
1425369717659,41.8704,-119.6612,9.1,3.2,ml,USGS,nn00485468
1425369511821,41.8597,-119.6664,6.7,3.1,ml,USGS,nn00485470
1425369476224,41.8453,-119.6403,3.3,3.4,ml,USGS,nn00485469
1425120096738,38.9075,-115.3789,0,3.9,ml,USGS,nn00485024
1424997825790,32.2198333,-117.6913333,20.667,3.36,ml,USGS,ci37104391
1424995984044,41.8563,-119.6455,8.9,3.3,ml,USGS,nn00484766
1424978268408,41.9131,-119.5679,7.5,3.5,ml,USGS,nn00484723
1424913517470,33.9376667,-116.0285,3.176,3.67,ml,USGS,ci37103367
1424820482050,40.8431667,-124.83,21.27,3.04,ml,USGS,nc72401005
1424662453533,41.8959,-119.5571,0.9,3.1,ml,USGS,nn00484193
1424610087743,41.9462,-119.5759,9.8,3.2,ml,USGS,nn00484076
1424528509556,41.8779,-119.6499,7.3,3.3,ml,USGS,nn00483906
1424490574889,41.8609,-119.6461,6.9,3.1,ml,USGS,nn00483856
1424475819504,41.9102,-119.5738,5.7,3,ml,USGS,nn00483819
1424093816016,37.1415,-117.2612,15.1,3.4,ml,USGS,nn00483105
1424068046857,41.855,-119.6445,8,3.6,ml,USGS,nn00483074
1423884843372,37.1749,-117.2404,7.5,3.2,ml,USGS,nn00482654
1423880936228,37.1418,-117.2618,17,4.8,ml,USGS,nn00482627
1423880196952,37.14,-117.27,14.7,3.2,ml,USGS,nn00482652
1423757648930,32.2045,-115.2288333,20.634,3.09,ml,USGS,ci37315720
1423469754280,37.2728333,-118.4146667,5.046,3.28,ml,USGS,nc72393696
1423362418704,41.8709,-119.6457,7.5,3.1,ml,USGS,nn00481469
1423317958270,33.2986667,-116.2815,13.162,3.28,ml,USGS,ci37313832
1423050653470,32.3966667,-115.2583333,7.221,3.4,ml,USGS,ci37312792
1422719075144,41.8925,-119.6272,8.7,3.4,ml,USGS,nn00480245
1422719031401,41.8987,-119.621,8.2,3.3,ml,USGS,nn00480237
1422711768528,41.8902,-119.6375,9.4,3.2,ml,USGS,nn00480230
1422655361730,38.4365,-119.2723333,9.38,3.06,md,USGS,nc72389301
1422638786786,41.8802,-119.6171,9.3,3.2,ml,USGS,nn00480030
1422558835180,40.3113333,-124.5891667,17.699,4.25,mw,USGS,nc72388626
1422553173607,41.8948,-119.6309,9.4,3.6,ml,USGS,nn00479814
1422529399351,41.8797,-119.6241,9.4,4.2,ml,USGS,nn00479760
1422507876334,38.9599,-116.0815,0,3.3,ml,USGS,nn00479734
1422479474220,40.2846667,-124.3736667,21.56,3.1,ml,USGS,nc71089479
1422479333710,40.3178333,-124.6066667,16.881,5.72,mw,USGS,nc72387946
1422444962900,32.8051667,-115.4551667,10.13,3.19,ml,USGS,ci37309768
1422383813052,41.8509,-119.6375,7.5,3,ml,USGS,nn00479433
1422346599120,34.7505,-118.4466667,8.444,3.45,ml,USGS,ci37309384
1422209417830,32.9708333,-116.4248333,7.877,3.2,ml,USGS,ci37308936
1422156878120,40.3286667,-124.6366667,17.721,3.16,ml,USGS,nc72385806
1421923180404,41.8653,-119.6432,8.2,3,ml,USGS,nn00478576
1421921923522,41.8843,-119.6208,8.5,3.1,ml,USGS,nn00478573
1421920145969,41.8722,-119.66,8.2,3.4,ml,USGS,nn00478570
1421917756708,41.8833,-119.6332,11.7,4.5,ml,USGS,nn00478560
1421900628235,41.8719,-119.6342,7.7,3,ml,USGS,nn00478535
1421892314238,41.8996,-119.6444,11.5,3.9,ml,USGS,nn00478518
1421790153064,41.8858,-119.6287,9.8,3.4,ml,USGS,nn00478221
1421788872469,41.8959,-119.6526,10.7,3,ml,USGS,nn00478214
1421760096970,36.4333333,-120.971,9.39,4.43,mw,USGS,nc72383481
1421587423010,33.3383333,-116.3316667,12.289,3.68,ml,USGS,ci37306536
1421536888840,34.9487,-113.2383,11.71,3.1,ml,USGS,usc000tgv7
1421436271824,41.9032,-119.6358,7.5,3,ml,USGS,nn00477529
1421232275040,40.3195,-124.6121667,16.159,4.28,mw,USGS,nc72381011
1421142843310,41.8921,-119.6342,9.6,3,ml,USGS,nn00476895
1421133746095,41.9058,-119.6261,7.3,3.1,ml,USGS,nn00476861
1421123467859,41.8694,-119.6372,7.6,3.6,ml,USGS,nn00476837
1421123382824,41.8791,-119.6235,9.4,3.8,ml,USGS,nn00476835
1421122432411,41.8913,-119.655,10.8,3.3,ml,USGS,nn00477560
1421122414520,41.852,-119.6876667,0.02,3.24,ml,USGS,uw60104308
1421122383346,41.9015,-119.6246,8.3,3,ml,USGS,nn00476828
1420885838565,41.8849,-119.634,9.1,3,ml,USGS,nn00476404
1420723089067,41.864,-119.6297,8.6,3,ml,USGS,nn00476014
1420703969255,41.8802,-119.6368,8.7,3.3,ml,USGS,nn00475994
1420598535416,41.8744,-119.6403,8.1,3.1,ml,USGS,nn00475803
1420559953434,38.8523,-116.173,0,3.1,ml,USGS,nn00475665
1420542230334,41.8959,-119.6459,10.4,3.4,ml,USGS,nn00475643
1420538216920,38.4395,-119.2588333,8.88,3.19,ml,USGS,nc72376166
1420500369184,41.8676,-119.6378,9.3,3,ml,USGS,nn00475559
1420472396391,41.8744,-119.6204,8.2,3.2,ml,USGS,nn00475455
1420472150158,41.8852,-119.641,9.8,3.7,ml,USGS,nn00475453
1420422441986,41.8698,-119.6366,7.9,3.7,ml,USGS,nn00475380
1420402094199,41.8825,-119.6389,10.4,3.9,ml,USGS,nn00475344
1420365403113,41.8841,-119.6294,8.9,4.1,ml,USGS,nn00481243
1420363716489,41.8986,-119.6412,11.6,3.3,ml,USGS,nn00475225
1420360353473,41.8846,-119.6399,10.3,3.1,ml,USGS,nn00475208
1420355001114,41.9069,-119.6541,5.4,3.1,ml,USGS,nn00475188
1420351423809,41.8917,-119.6472,10.1,3.4,ml,USGS,nn00475168
1420341489480,34.6173333,-118.6301667,7.821,4.25,mw,USGS,ci37301704
1420340290810,34.6101667,-118.6355,8.348,3.03,ml,USGS,ci37301696
1420296292650,39.8105,-123.4813333,8.156,3.27,mw,USGS,nc72374656
1420147095720,38.3646667,-122.6068333,7.067,3,ml,USGS,nc72373706
1420119860656,41.8576,-119.6494,9.2,3.1,ml,USGS,nn00474756
